q_Ainv,two_theta_deg,I_norm
5.000000000000000000e-01,7.028700128038227746e+00,1.000000000000000000e+00
5.050000000000000044e-01,7.099076738982640578e+00,9.671703495330593592e-01
5.100000000000000089e-01,7.169456031107380056e+00,9.348107434264043558e-01
5.150000000000000133e-01,7.239838031269815843e+00,9.029308762824855839e-01
5.200000000000000178e-01,7.310222766336568867e+00,8.715400499094179132e-01
5.250000000000000222e-01,7.380610263183611686e+00,8.406471701932504148e-01
5.300000000000000266e-01,7.451000548696358194e+00,8.102607442976408336e-01
5.350000000000000311e-01,7.521393649769757772e+00,7.803888781911142436e-01
5.400000000000000355e-01,7.591789593308383211e+00,7.510392745018079630e-01
5.450000000000000400e-01,7.662188406226541737e+00,7.222192306993026056e-01
5.500000000000000444e-01,7.732590115448353174e+00,6.939356376028570361e-01
5.550000000000000488e-01,7.802994747907842310e+00,6.661949782150748955e-01
5.600000000000000533e-01,7.873402330549052586e+00,6.390033268797475907e-01
5.649999999999999467e-01,7.943812890326117149e+00,6.123663487623370871e-01
5.700000000000000622e-01,8.014226454203379646e+00,5.862892996512772958e-01
5.749999999999999556e-01,8.084643049155454619e+00,5.607770260780199356e-01
5.799999999999999600e-01,8.155062702167354516e+00,5.358339657534361145e-01
5.849999999999999645e-01,8.225485440234571399e+00,5.114641483179771519e-01
5.899999999999999689e-01,8.295911290363166657e+00,4.876711964026759771e-01
5.949999999999999734e-01,8.366340279569874028e+00,4.644583269978526663e-01
5.999999999999999778e-01,8.436772434882191973e+00,4.418283531261146813e-01
6.049999999999999822e-01,8.507207783338479601e+00,4.197836858159992302e-01
6.099999999999999867e-01,8.577646351988050810e+00,3.983263363723554273e-01
6.149999999999999911e-01,8.648088167891273770e+00,3.774579189393330036e-01
6.199999999999999956e-01,8.718533258119657958e+00,3.571796533516025662e-01
6.250000000000000000e-01,8.788981649755958969e+00,3.374923682692089755e-01
6.300000000000000044e-01,8.859433369894269106e+00,3.183965045912375835e-01
6.350000000000000089e-01,8.929888445640118633e+00,2.998921191432534217e-01
6.400000000000000133e-01,9.000346904110561042e+00,2.819788886332676436e-01
6.450000000000000178e-01,9.070808772434283185e+00,2.646561138707785310e-01
6.500000000000000222e-01,9.141274077751686988e+00,2.479227242432411882e-01
6.550000000000000266e-01,9.211742847215003138e+00,2.317772824441255985e-01
6.600000000000000311e-01,9.282215107988367464e+00,2.162179894465423025e-01
6.650000000000000355e-01,9.352690887247932849e+00,2.012426897162388206e-01
6.700000000000000400e-01,9.423170212181961602e+00,1.868488766575962801e-01
6.750000000000000444e-01,9.493653109990921379e+00,1.730336982861012673e-01
6.799999999999999378e-01,9.564139607887574002e+00,1.597939631206043987e-01
6.850000000000000533e-01,9.634629733097098025e+00,1.471261462885355142e-01
6.899999999999999467e-01,9.705123512857150914e+00,1.350263958371090423e-01
6.950000000000000622e-01,9.775620974417996933e+00,1.234905392434044041e-01
6.999999999999999556e-01,9.846122145042579987e+00,1.125140901161097162e-01
7.050000000000000711e-01,9.916627052006647958e+00,1.020922550815676344e-01
7.099999999999999645e-01,9.987135722598816656e+00,9.221994084668616587e-02
7.149999999999999689e-01,1.005764818412070305e+01,8.289176143114516948e-02
7.199999999999999734e-01,1.012816446388699632e+01,7.410204556126510911e-02
7.249999999999999778e-01,1.019868458922557330e+01,6.584484421779535079e-02
7.299999999999999822e-01,1.026920858747757848e+01,5.811393832982071628e-02
7.349999999999999867e-01,1.033973648599754469e+01,5.090284660690248125e-02
7.399999999999999911e-01,1.041026831215347315e+01,4.420483350151933194e-02
7.449999999999999956e-01,1.048080409332694352e+01,3.801291729381379297e-02
7.500000000000000000e-01,1.055134385691320098e+01,3.231987829060842254e-02
7.550000000000000044e-01,1.062188763032126815e+01,2.711826713061868052e-02
7.600000000000000089e-01,1.069243544097403564e+01,2.240041318775880946e-02
7.650000000000000133e-01,1.076298731630836336e+01,1.815843306441900992e-02
7.700000000000000178e-01,1.083354328377518172e+01,1.438423916657617652e-02
7.750000000000000222e-01,1.090410337083958758e+01,1.106954835259725198e-02
7.800000000000000266e-01,1.097466760498094196e+01,8.205890647597406662e-03
7.850000000000000311e-01,1.104523601369297836e+01,5.784618015223440615e-03
7.900000000000000355e-01,1.111580862448389340e+01,3.796913178752500933e-03
7.949999999999999289e-01,1.118638546487645158e+01,2.233798483422245323e-03
8.000000000000000444e-01,1.125696656240808835e+01,1.086144791941143998e-03
8.049999999999999378e-01,1.132755194463099535e+01,3.446804051685890954e-04
8.100000000000000533e-01,1.139814163911224654e+01,0.000000000000000000e+00
8.149999999999999467e-01,1.146873567343386746e+01,4.257357655495223908e-05
8.200000000000000622e-01,1.153933407519297027e+01,4.627554068170542973e-04
8.249999999999999556e-01,1.160993687200181590e+01,1.250792976955095951e-03
8.300000000000000711e-01,1.168054409148795436e+01,2.396835915622971911e-03
8.349999999999999645e-01,1.175115576129429229e+01,3.890944900623469812e-03
8.400000000000000799e-01,1.182177190907922437e+01,5.723100536408036107e-03
8.449999999999999734e-01,1.189239256251669907e+01,7.883212194982499449e-03
8.500000000000000888e-01,1.196301774929636252e+01,1.036112681289011808e-02
8.549999999999999822e-01,1.203364749712361892e+01,1.314663763704827099e-02
8.599999999999999867e-01,1.210428183371976374e+01,1.622949291234036459e-02
8.649999999999999911e-01,1.217492078682207080e+01,1.959940450396778500e-02
8.699999999999999956e-01,1.224556438418389170e+01,2.324605644771099433e-02
8.750000000000000000e-01,1.231621265357477135e+01,2.715911342136466400e-02
8.800000000000000044e-01,1.238686562278053849e+01,3.132822913075924282e-02
8.850000000000000089e-01,1.245752331960340875e+01,3.574305460391771078e-02
8.900000000000000133e-01,1.252818577186210192e+01,4.039324638704273190e-02
8.950000000000000178e-01,1.259885300739192360e+01,4.526847463618566964e-02
9.000000000000000222e-01,1.266952505404488605e+01,5.035843109859904770e-02
9.050000000000000266e-01,1.274020193968979697e+01,5.565283697793781820e-02
9.100000000000000311e-01,1.281088369221237677e+01,6.114145067763886165e-02
9.150000000000000355e-01,1.288157033951535624e+01,6.681407541697709229e-02
9.199999999999999289e-01,1.295226190951857603e+01,7.266056671446537163e-02
9.250000000000000444e-01,1.302295843015909504e+01,7.867083973344772552e-02
9.299999999999999378e-01,1.309365992939129342e+01,8.483487648490666000e-02
9.350000000000000533e-01,1.316436643518698091e+01,9.114273288269574003e-02
9.399999999999999467e-01,1.323507797553549281e+01,9.758454564658428088e-02
9.450000000000000622e-01,1.330579457844381075e+01,1.041505390487017790e-01
9.499999999999999556e-01,1.337651627193663550e+01,1.108310314991430151e-01
9.550000000000000711e-01,1.344724308405653623e+01,1.176164419667069388e-01
9.599999999999999645e-01,1.351797504286401086e+01,1.244972962309173342e-01
9.650000000000000799e-01,1.358871217643763707e+01,1.314642329616897976e-01
9.699999999999999734e-01,1.365945451287412737e+01,1.385080096231865177e-01
9.750000000000000888e-01,1.373020208028848010e+01,1.456195081986219608e-01
9.799999999999999822e-01,1.380095490681405757e+01,1.527897407329629198e-01
9.849999999999999867e-01,1.387171302060270150e+01,1.600098546906858765e-01
9.899999999999999911e-01,1.394247644982484857e+01,1.672711381259414931e-01
9.949999999999999956e-01,1.401324522266960848e+01,1.745650246626937463e-01
1.000000000000000000e+00,1.408401936734490434e+01,1.818830982825925535e-01
1.004999999999999893e+00,1.415479891207755436e+01,1.892170979185504587e-01
1.010000000000000009e+00,1.422558388511340510e+01,1.965589218521948400e-01
1.015000000000000124e+00,1.429637431471739717e+01,2.039006319135679424e-01
1.020000000000000018e+00,1.436717022917370912e+01,2.112344574816551745e-01
1.024999999999999911e+00,1.443797165678586936e+01,2.185527992845222589e-01
1.030000000000000027e+00,1.450877862587682721e+01,2.258482329980381620e-01
1.035000000000000142e+00,1.457959116478908435e+01,2.331135126423692361e-01
1.040000000000000036e+00,1.465040930188480672e+01,2.403415737756255388e-01
1.044999999999999929e+00,1.472123306554592403e+01,2.475255364842369188e-01
1.050000000000000044e+00,1.479206248417424874e+01,2.546587081698314381e-01
1.055000000000000160e+00,1.486289758619156132e+01,2.617345861325874878e-01
1.060000000000000053e+00,1.493373840003974529e+01,2.687468599512203293e-01
1.064999999999999947e+00,1.500458495418088312e+01,2.756894136599538081e-01
1.070000000000000062e+00,1.507543727709737169e+01,2.825563277230157544e-01
1.075000000000000178e+00,1.514629539729202534e+01,2.893418808073802140e-01
1.080000000000000071e+00,1.521715934328818065e+01,2.960405513546667255e-01
1.084999999999999964e+00,1.528802914362983500e+01,3.026470189532819433e-01
1.089999999999999858e+00,1.535890482688171588e+01,3.091561655120640406e-01
1.094999999999999973e+00,1.542978642162942648e+01,3.155630762368724640e-01
1.100000000000000089e+00,1.550067395647953816e+01,3.218630404117261423e-01
1.104999999999999982e+00,1.557156746005968628e+01,3.280515519862692297e-01
1.109999999999999876e+00,1.564246696101873013e+01,3.341243099715007214e-01
1.114999999999999991e+00,1.571337248802681508e+01,3.400772186458654311e-01
1.120000000000000107e+00,1.578428406977550935e+01,3.459063875739626925e-01
1.125000000000000000e+00,1.585520173497789820e+01,3.516081314402791924e-01
1.129999999999999893e+00,1.592612551236871532e+01,3.571789697005018915e-01
1.135000000000000009e+00,1.599705543070445302e+01,3.626156260531067654e-01
1.140000000000000124e+00,1.606799151876345633e+01,3.679150277340649811e-01
1.145000000000000018e+00,1.613893380534603850e+01,3.730743046376419625e-01
1.149999999999999911e+00,1.620988231927463374e+01,3.780907882663923636e-01
1.155000000000000027e+00,1.628083708939384522e+01,3.829620105135838615e-01
1.160000000000000142e+00,1.635179814457061198e+01,3.876857022814032550e-01
1.165000000000000036e+00,1.642276551369429427e+01,3.922597919384194221e-01
1.169999999999999929e+00,1.649373922567679429e+01,3.966824036198831060e-01
1.175000000000000044e+00,1.656471930945267701e+01,4.009518553745575198e-01
1.180000000000000160e+00,1.663570579397927673e+01,4.050666571618737888e-01
1.185000000000000053e+00,1.670669870823679659e+01,4.090255087033051740e-01
1.189999999999999947e+00,1.677769808122846129e+01,4.128272971919457190e-01
1.195000000000000062e+00,1.684870394198061661e+01,4.164710948643649546e-01
1.200000000000000178e+00,1.691971631954280753e+01,4.199561564388987756e-01
1.205000000000000071e+00,1.699073524298794169e+01,4.232819164246102162e-01
1.209999999999999964e+00,1.706176074141239241e+01,4.264479863052280662e-01
1.214999999999999858e+00,1.713279284393609103e+01,4.294541516024381611e-01
1.219999999999999973e+00,1.720383157970269394e+01,4.323003688229671848e-01
1.225000000000000089e+00,1.727487697787962873e+01,4.349867622939532219e-01
1.229999999999999982e+00,1.734592906765826470e+01,4.375136208911528657e-01
1.234999999999999876e+00,1.741698787825402306e+01,4.398813946645790951e-01
1.239999999999999991e+00,1.748805343890647279e+01,4.420906913662077109e-01
1.245000000000000107e+00,1.755912577887944792e+01,4.441422728844274803e-01
1.250000000000000000e+00,1.763020492746119672e+01,4.460370515899400590e-01
1.254999999999999893e+00,1.770129091396447762e+01,4.477760865978429039e-01
1.260000000000000009e+00,1.777238376772666939e+01,4.493605799506518728e-01
1.265000000000000124e+00,1.784348351810989541e+01,4.507918727270324721e-01
1.270000000000000018e+00,1.791459019450115520e+01,4.520714410810274808e-01
1.274999999999999911e+00,1.798570382631242381e+01,4.532008922165687848e-01
1.280000000000000027e+00,1.805682444298079048e+01,4.541819603020671448e-01
1.285000000000000142e+00,1.812795207396856867e+01,4.550165023298711198e-01
1.290000000000000036e+00,1.819908674876339560e+01,4.557064939253759883e-01
1.294999999999999929e+00,1.827022849687839923e+01,4.562540251105539069e-01
1.300000000000000044e+00,1.834137734785226570e+01,4.566612960266592247e-01
1.305000000000000160e+00,1.841253333124940639e+01,4.569306126208387275e-01
1.310000000000000053e+00,1.848369647666003246e+01,4.570643823013557649e-01
1.314999999999999947e+00,1.855486681370031476e+01,4.570651095661021346e-01
1.320000000000000062e+00,1.862604437201249752e+01,4.569353916090385104e-01
1.325000000000000178e+00,1.869722918126500133e+01,4.566779139091664552e-01
1.330000000000000071e+00,1.876842127115253689e+01,4.562954458065898722e-01
1.334999999999999964e+00,1.883962067139628616e+01,4.557908360701781736e-01
1.339999999999999858e+00,1.891082741174395920e+01,4.551670084612918221e-01
1.344999999999999973e+00,1.898204152196994698e+01,4.544269572979748317e-01
1.350000000000000089e+00,1.905326303187543857e+01,4.535737430239615287e-01
1.354999999999999982e+00,1.912449197128853484e+01,4.526104877867818677e-01
1.359999999999999876e+00,1.919572837006440480e+01,4.515403710291829853e-01
1.364999999999999991e+00,1.926697225808537439e+01,4.503666250980152275e-01
1.370000000000000107e+00,1.933822366526105441e+01,4.490925308746596123e-01
1.375000000000000000e+00,1.940948262152847192e+01,4.477214134309949745e-01
1.379999999999999893e+00,1.948074915685221242e+01,4.462566377148262653e-01
1.385000000000000009e+00,1.955202330122451926e+01,4.447016042686109394e-01
1.390000000000000124e+00,1.962330508466541446e+01,4.430597449852390346e-01
1.395000000000000018e+00,1.969459453722285502e+01,4.413345189045286276e-01
1.399999999999999911e+00,1.976589168897282534e+01,4.395294080540157466e-01
1.405000000000000027e+00,1.983719657001949699e+01,4.376479133375167918e-01
1.410000000000000142e+00,1.990850921049531408e+01,4.356935504748529753e-01
1.415000000000000036e+00,1.997982964056115307e+01,4.336698459960242058e-01
1.419999999999999929e+00,2.005115789040643648e+01,4.315803332930216452e-01
1.425000000000000044e+00,2.012249399024926788e+01,4.294285487323680206e-01
1.430000000000000160e+00,2.019383797033654204e+01,4.272180278313674751e-01
1.435000000000000053e+00,2.026518986094409414e+01,4.249523015009457616e-01
1.439999999999999947e+00,2.033654969237680987e+01,4.226348923578498451e-01
1.445000000000000062e+00,2.040791749496876761e+01,4.202693111088739442e-01
1.450000000000000178e+00,2.047929329908335916e+01,4.178590530096617517e-01
1.455000000000000071e+00,2.055067713511342120e+01,4.154075944005304333e-01
1.459999999999999964e+00,2.062206903348136322e+01,4.129183893216435974e-01
1.464999999999999858e+00,2.069346902463929538e+01,4.103948662097550715e-01
1.469999999999999973e+00,2.076487713906917065e+01,4.078404246786228038e-01
1.475000000000000089e+00,2.083629340728289492e+01,4.052584323850852432e-01
1.479999999999999982e+00,2.090771785982248332e+01,4.026522219826725868e-01
1.484999999999999876e+00,2.097915052726014906e+01,4.000250881645100454e-01
1.489999999999999991e+00,2.105059144019848816e+01,3.973802847971592000e-01
1.495000000000000107e+00,2.112204062927057890e+01,3.947210221469208413e-01
1.500000000000000000e+00,2.119349812514010978e+01,3.920504642000099960e-01
1.505000000000000115e+00,2.126496395850152510e+01,3.893717260778978839e-01
1.510000000000000009e+00,2.133643816008016358e+01,3.866878715489999174e-01
1.515000000000000124e+00,2.140792076063237204e+01,3.840019106377696168e-01
1.520000000000000018e+00,2.147941179094565101e+01,3.813167973321485715e-01
1.524999999999999911e+00,2.155091128183878268e+01,3.786354273902030609e-01
1.530000000000000027e+00,2.162241926416196236e+01,3.759606362466672014e-01
1.534999999999999920e+00,2.169393576879695473e+01,3.732951970199967495e-01
1.540000000000000036e+00,2.176546082665719695e+01,3.706418186204266108e-01
1.544999999999999929e+00,2.183699446868795135e+01,3.680031439594141918e-01
1.550000000000000044e+00,2.190853672586644407e+01,3.653817482607369382e-01
1.554999999999999938e+00,2.198008762920198222e+01,3.627801374734089257e-01
1.560000000000000053e+00,2.205164720973611026e+01,3.602007467864659640e-01
1.564999999999999947e+00,2.212321549854273073e+01,3.576459392455705877e-01
1.570000000000000062e+00,2.219479252672825709e+01,3.551180044712735073e-01
1.574999999999999956e+00,2.226637832543173801e+01,3.526191574786750049e-01
1.580000000000000071e+00,2.233797292582498883e+01,3.501515375981173461e-01
1.584999999999999964e+00,2.240957635911274792e+01,3.477172074964479664e-01
1.590000000000000080e+00,2.248118865653280807e+01,3.453181522982883833e-01
1.594999999999999973e+00,2.255280984935614086e+01,3.429562788066515266e-01
1.600000000000000089e+00,2.262443996888706366e+01,3.406334148221520364e-01
1.604999999999999982e+00,2.269607904646333907e+01,3.383513085599662018e-01
1.610000000000000098e+00,2.276772711345636324e+01,3.361116281636016279e-01
1.614999999999999991e+00,2.283938420127124758e+01,3.339159613144556116e-01
1.620000000000000107e+00,2.291105034134702834e+01,3.317658149360487863e-01
1.625000000000000000e+00,2.298272556515674125e+01,3.296626149917424309e-01
1.630000000000000115e+00,2.305440990420760272e+01,3.276077063746614115e-01
1.635000000000000009e+00,2.312610339004114124e+01,3.256023528884722240e-01
1.640000000000000124e+00,2.319780605423333952e+01,3.236477373175820071e-01
1.645000000000000018e+00,2.326951792839475530e+01,3.217449615852577272e-01
1.650000000000000133e+00,2.334123904417071671e+01,3.198950469980874067e-01
1.655000000000000027e+00,2.341296943324139690e+01,3.180989345751427666e-01
1.659999999999999920e+00,2.348470912732202009e+01,3.163574854601299835e-01
1.665000000000000036e+00,2.355645815816296818e+01,3.146714814147593131e-01
1.669999999999999929e+00,2.362821655754992278e+01,3.130416253914974356e-01
1.675000000000000044e+00,2.369998435730403585e+01,3.114685421838132573e-01
1.679999999999999938e+00,2.377176158928204686e+01,3.099527791519711140e-01
1.685000000000000053e+00,2.384354828537645687e+01,3.084948070223723082e-01
1.689999999999999947e+00,2.391534447751564230e+01,3.070950207584000613e-01
1.695000000000000062e+00,2.398715019766402534e+01,3.057537405006717224e-01
1.699999999999999956e+00,2.405896547782220196e+01,3.044712125745634435e-01
1.705000000000000071e+00,2.413079035002711592e+01,3.032476105628282848e-01
1.709999999999999964e+00,2.420262484635217604e+01,3.020830364410929669e-01
1.715000000000000080e+00,2.427446899890741250e+01,3.009775217739820707e-01
1.719999999999999973e+00,2.434632283983962964e+01,2.999310289695885090e-01
1.725000000000000089e+00,2.441818640133257645e+01,2.989434525899775652e-01
1.729999999999999982e+00,2.449005971560703543e+01,2.980146207153876459e-01
1.735000000000000098e+00,2.456194281492104281e+01,2.971442963597658027e-01
1.739999999999999991e+00,2.463383573156997741e+01,2.963321789352572622e-01
1.745000000000000107e+00,2.470573849788674892e+01,2.955779057632481055e-01
1.750000000000000000e+00,2.477765114624194354e+01,2.948810536295486395e-01
1.755000000000000115e+00,2.484957370904396257e+01,2.942411403812897341e-01
1.760000000000000009e+00,2.492150621873916805e+01,2.936576265630966853e-01
1.765000000000000124e+00,2.499344870781207462e+01,2.931299170900987239e-01
1.770000000000000018e+00,2.506540120878543831e+01,2.926573629553283484e-01
1.775000000000000133e+00,2.513736375422048042e+01,2.922392629690621635e-01
1.780000000000000027e+00,2.520933637671697625e+01,2.918748655276588444e-01
1.784999999999999920e+00,2.528131910891343992e+01,2.915633704094520717e-01
1.790000000000000036e+00,2.535331198348729842e+01,2.913039305952634384e-01
1.794999999999999929e+00,2.542531503315499464e+01,2.910956541111104356e-01
1.800000000000000044e+00,2.549732829067219342e+01,2.909376058906951723e-01
1.804999999999999938e+00,2.556935178883389170e+01,2.908288096552750224e-01
1.810000000000000053e+00,2.564138556047461748e+01,2.907682498085309430e-01
1.814999999999999947e+00,2.571342963846855056e+01,2.907548733440711297e-01
1.820000000000000062e+00,2.578548405572970026e+01,2.907875917632268270e-01
1.824999999999999956e+00,2.585754884521206165e+01,2.908652830008205403e-01
1.830000000000000071e+00,2.592962403990974352e+01,2.909867933566144815e-01
1.834999999999999964e+00,2.600170967285718859e+01,2.911509394301728948e-01
1.840000000000000080e+00,2.607380577712925884e+01,2.913565100569037725e-01
1.844999999999999973e+00,2.614591238584144151e+01,2.916022682430752799e-01
1.850000000000000089e+00,2.621802953215001253e+01,2.918869530976392346e-01
1.854999999999999982e+00,2.629015724925214670e+01,2.922092817587256808e-01
1.860000000000000098e+00,2.636229557038614857e+01,2.925679513127154019e-01
1.864999999999999991e+00,2.643444452883154483e+01,2.929616407038315717e-01
1.870000000000000107e+00,2.650660415790929747e+01,2.933890126322367120e-01
1.875000000000000000e+00,2.657877449098193523e+01,2.938487154386623113e-01
1.880000000000000115e+00,2.665095556145372768e+01,2.943393849736428147e-01
1.885000000000000009e+00,2.672314740277084866e+01,2.948596464494723235e-01
1.890000000000000124e+00,2.679535004842153967e+01,2.954081162730488597e-01
1.895000000000000018e+00,2.686756353193625557e+01,2.959834038578201265e-01
1.900000000000000133e+00,2.693978788688786707e+01,2.965841134130953738e-01
1.905000000000000027e+00,2.701202314689178152e+01,2.972088457090371616e-01
1.909999999999999920e+00,2.708426934560613830e+01,2.978561998157019941e-01
1.915000000000000036e+00,2.715652651673197227e+01,2.985247748145495317e-01
1.919999999999999929e+00,2.722879469401334873e+01,2.992131714808960452e-01
1.925000000000000044e+00,2.730107391123759086e+01,2.999199939358434541e-01
1.929999999999999938e+00,2.737336420223536848e+01,3.006438512662695239e-01
1.935000000000000053e+00,2.744566560088094676e+01,3.013833591115240851e-01
1.939999999999999947e+00,2.751797814109228923e+01,3.021371412155326452e-01
1.945000000000000062e+00,2.759030185683125325e+01,3.029038309430673315e-01
1.949999999999999956e+00,2.766263678210377108e+01,3.036820727590031077e-01
1.955000000000000071e+00,2.773498295096000987e+01,3.044705236694393857e-01
1.959999999999999964e+00,2.780734039749451014e+01,3.052678546236230472e-01
1.965000000000000080e+00,2.787970915584642384e+01,3.060727518756723997e-01
1.969999999999999973e+00,2.795208926019961027e+01,3.068839183051600972e-01
1.975000000000000089e+00,2.802448074478288476e+01,3.077000746956749522e-01
1.979999999999999982e+00,2.809688364387011106e+01,3.085199609705417401e-01
1.985000000000000098e+00,2.816929799178043936e+01,3.093423373849414904e-01
1.989999999999999991e+00,2.824172382287844840e+01,3.101659856737322696e-01
1.995000000000000107e+00,2.831416117157433021e+01,3.109897101543349640e-01
2.000000000000000000e+00,2.838661007232403577e+01,3.118123387841057470e-01
2.004999999999999893e+00,2.845907055962951304e+01,3.126327241716805871e-01
2.009999999999999787e+00,2.853154266803881001e+01,3.134497445418343853e-01
2.015000000000000124e+00,2.860402643214631979e+01,3.142623046534595566e-01
2.020000000000000018e+00,2.867652188659288015e+01,3.150693366703266607e-01
2.025000000000000355e+00,2.874902906606602571e+01,3.158698009843509680e-01
2.030000000000000249e+00,2.882154800530010519e+01,3.166626869911437492e-01
2.035000000000000142e+00,2.889407873907651592e+01,3.174470138176894163e-01
2.040000000000000036e+00,2.896662130222383169e+01,3.182218310020429319e-01
2.044999999999999929e+00,2.903917572961803728e+01,3.189862191250019685e-01
2.049999999999999822e+00,2.911174205618262789e+01,3.197392903937615327e-01
2.054999999999999716e+00,2.918432031688887918e+01,3.204801891776158929e-01
2.060000000000000053e+00,2.925691054675596803e+01,3.212080924958256034e-01
2.064999999999999947e+00,2.932951278085116797e+01,3.219222104578212673e-01
2.070000000000000284e+00,2.940212705429006235e+01,3.226217866559695224e-01
2.075000000000000178e+00,2.947475340223666862e+01,3.233060985111748109e-01
2.080000000000000071e+00,2.954739185990367645e+01,3.239744575716452801e-01
2.084999999999999964e+00,2.962004246255261108e+01,3.246262097651970713e-01
2.089999999999999858e+00,2.969270524549400747e+01,3.252607356055214893e-01
2.094999999999999751e+00,2.976538024408761629e+01,3.258774503528858446e-01
2.100000000000000089e+00,2.983806749374257805e+01,3.264758041297852187e-01
2.104999999999999982e+00,2.991076702991759007e+01,3.270552819921063725e-01
2.110000000000000320e+00,2.998347888812114093e+01,3.276154039564104226e-01
2.115000000000000213e+00,3.005620310391165972e+01,3.281557249839789914e-01
2.120000000000000107e+00,3.012893971289771855e+01,3.286758349223153908e-01
2.125000000000000000e+00,3.020168875073822079e+01,3.291753584048262016e-01
2.129999999999999893e+00,3.027445025314257521e+01,3.296539547094495259e-01
2.134999999999999787e+00,3.034722425587091976e+01,3.301113175770337138e-01
2.140000000000000124e+00,3.042001079473428149e+01,3.305471749903031720e-01
2.145000000000000018e+00,3.049280990559477900e+01,3.309612889142837244e-01
2.150000000000000355e+00,3.056562162436581787e+01,3.313534549990918565e-01
2.155000000000000249e+00,3.063844598701226474e+01,3.317235022460221505e-01
2.160000000000000142e+00,3.071128302955068179e+01,3.320712926378982521e-01
2.165000000000000036e+00,3.078413278804947595e+01,3.323967207346799624e-01
2.169999999999999929e+00,3.085699529862911916e+01,3.326997132353436415e-01
2.174999999999999822e+00,3.092987059746233669e+01,3.329802285070821433e-01
2.179999999999999716e+00,3.100275872077428119e+01,3.332382560828888174e-01
2.185000000000000053e+00,3.107565970484279205e+01,3.334738161286158742e-01
2.189999999999999947e+00,3.114857358599851267e+01,3.336869588806151699e-01
2.195000000000000284e+00,3.122150040062515686e+01,3.338777640550896764e-01
2.200000000000000178e+00,3.129444018515964032e+01,3.340463402302996654e-01
2.205000000000000071e+00,3.136739297609234001e+01,3.341928242027841778e-01
2.209999999999999964e+00,3.144035880996729304e+01,3.343173803187718951e-01
2.214999999999999858e+00,3.151333772338234240e+01,3.344201997819678529e-01
2.219999999999999751e+00,3.158632975298936429e+01,3.345014999389140931e-01
2.225000000000000089e+00,3.165933493549450262e+01,3.345615235431304568e-01
2.229999999999999982e+00,3.173235330765831819e+01,3.346005379992504358e-01
2.235000000000000320e+00,3.180538490629605874e+01,3.346188345883733817e-01
2.240000000000000213e+00,3.187842976827777264e+01,3.346167276758590936e-01
2.245000000000000107e+00,3.195148793052859304e+01,3.345945539027929128e-01
2.250000000000000000e+00,3.202455943002890848e+01,3.345526713623537818e-01
2.254999999999999893e+00,3.209764430381456890e+01,3.344914587623155633e-01
2.259999999999999787e+00,3.217074258897711303e+01,3.344113145749131877e-01
2.265000000000000124e+00,3.224385432266394957e+01,3.343126561753001491e-01
2.270000000000000018e+00,3.231697954207854906e+01,3.341959189698230359e-01
2.275000000000000355e+00,3.239011828448072805e+01,3.340615555153303995e-01
2.280000000000000249e+00,3.246327058718677705e+01,3.339100346307301015e-01
2.285000000000000142e+00,3.253643648756969498e+01,3.337418405019976220e-01
2.290000000000000036e+00,3.260961602305945917e+01,3.335574717818323154e-01
2.294999999999999929e+00,3.268280923114312486e+01,3.333574406851447791e-01
2.299999999999999822e+00,3.275601614936513073e+01,3.331422720815503391e-01
2.304999999999999716e+00,3.282923681532747651e+01,3.329125025860261156e-01
2.310000000000000053e+00,3.290247126668995747e+01,3.326686796488807496e-01
2.314999999999999947e+00,3.297571954117032078e+01,3.324113606461650550e-01
2.320000000000000284e+00,3.304898167654455676e+01,3.321411119716389804e-01
2.325000000000000178e+00,3.312225771064705526e+01,3.318585081313923379e-01
2.330000000000000071e+00,3.319554768137087564e+01,3.315641308421966027e-01
2.334999999999999964e+00,3.326885162666790308e+01,3.312585681346469912e-01
2.339999999999999858e+00,3.334216958454913282e+01,3.309424134621341551e-01
2.344999999999999751e+00,3.341550159308484069e+01,3.306162648166604545e-01
2.350000000000000089e+00,3.348884769040482468e+01,3.302807238524971267e-01
2.354999999999999982e+00,3.356220791469858966e+01,3.299363950186525729e-01
2.360000000000000320e+00,3.363558230421564588e+01,3.295838847010992834e-01
2.365000000000000213e+00,3.370897089726564388e+01,3.292238003756817188e-01
2.370000000000000107e+00,3.378237373221866591e+01,3.288567497726015421e-01
2.375000000000000000e+00,3.385579084750541057e+01,3.284833400533511694e-01
2.379999999999999893e+00,3.392922228161740605e+01,3.281041770009377467e-01
2.384999999999999787e+00,3.400266807310731565e+01,3.277198642242151738e-01
2.390000000000000124e+00,3.407612826058903721e+01,3.273310023771092148e-01
2.395000000000000018e+00,3.414960288273803712e+01,3.269381883934960320e-01
2.400000000000000355e+00,3.422309197829154215e+01,3.265420147384625049e-01
2.405000000000000249e+00,3.429659558604873837e+01,3.261430686766484954e-01
2.410000000000000142e+00,3.437011374487104121e+01,3.257419315583388597e-01
2.415000000000000036e+00,3.444364649368232989e+01,3.253391781239458047e-01
2.419999999999999929e+00,3.451719387146913220e+01,3.249353758274869941e-01
2.424999999999999822e+00,3.459075591728089449e+01,3.245310841796373302e-01
2.429999999999999716e+00,3.466433267023021614e+01,3.241268541108983103e-01
2.435000000000000053e+00,3.473792416949305562e+01,3.237232273553976025e-01
2.439999999999999947e+00,3.481153045430898629e+01,3.233207358558004563e-01
2.445000000000000284e+00,3.488515156398141670e+01,3.229199011897807559e-01
2.450000000000000178e+00,3.495878753787784632e+01,3.225212340184691051e-01
2.455000000000000071e+00,3.503243841543009296e+01,3.221252335572608594e-01
2.459999999999999964e+00,3.510610423613451303e+01,3.217323870693368226e-01
2.464999999999999858e+00,3.517978503955227154e+01,3.213431693822156321e-01
2.469999999999999751e+00,3.525348086530956948e+01,3.209580424276239352e-01
2.475000000000000089e+00,3.532719175309787119e+01,3.205774548049405426e-01
2.479999999999999982e+00,3.540091774267415303e+01,3.202018413684359355e-01
2.485000000000000320e+00,3.547465887386115213e+01,3.198316228384975868e-01
2.490000000000000213e+00,3.554841518654758659e+01,3.194672054370010228e-01
2.495000000000000107e+00,3.562218672068844683e+01,3.191089805469523033e-01
2.500000000000000000e+00,3.569597351630520876e+01,3.187573243964983982e-01
2.504999999999999893e+00,3.576977561348606827e+01,3.184125977673699648e-01
2.510000000000000231e+00,3.584359305238618987e+01,3.180751457277907757e-01
2.515000000000000124e+00,3.591742587322798386e+01,3.177452973898569066e-01
2.520000000000000018e+00,3.599127411630132656e+01,3.174233656913592050e-01
2.524999999999999911e+00,3.606513782196384454e+01,3.171096472019938606e-01
2.530000000000000249e+00,3.613901703064109938e+01,3.168044219538745376e-01
2.535000000000000142e+00,3.621291178282690026e+01,3.165079532962336573e-01
2.540000000000000036e+00,3.628682211908352429e+01,3.162204877741697229e-01
2.544999999999999929e+00,3.636074808004200065e+01,3.159422550312711575e-01
2.549999999999999822e+00,3.643468970640233096e+01,3.156734677359205321e-01
2.555000000000000160e+00,3.650864703893374497e+01,3.154143215310555304e-01
2.560000000000000053e+00,3.658262011847497064e+01,3.151649950071367390e-01
2.564999999999999947e+00,3.665660898593451833e+01,3.149256496980491482e-01
2.569999999999999840e+00,3.673061368229085133e+01,3.146964300996369923e-01
2.575000000000000178e+00,3.680463424859278376e+01,3.144774637105491877e-01
2.580000000000000071e+00,3.687867072595955875e+01,3.142688610950497008e-01
2.584999999999999964e+00,3.695272315558129606e+01,3.140707159674225868e-01
2.589999999999999858e+00,3.702679157871910576e+01,3.138831052975814551e-01
2.595000000000000195e+00,3.710087603670545775e+01,3.137060894374718578e-01
2.600000000000000089e+00,3.717497657094433805e+01,3.135397122678335591e-01
2.604999999999999982e+00,3.724909322291163960e+01,3.133840013648708234e-01
2.609999999999999876e+00,3.732322603415531859e+01,3.132389681863606001e-01
2.615000000000000213e+00,3.739737504629572840e+01,3.131046082767093841e-01
2.620000000000000107e+00,3.747154030102583988e+01,3.129809014904530451e-01
2.625000000000000000e+00,3.754572184011155400e+01,3.128678122336769896e-01
2.629999999999999893e+00,3.761991970539193630e+01,3.127652897228195283e-01
2.635000000000000231e+00,3.769413393877950824e+01,3.126732682603053926e-01
2.640000000000000124e+00,3.776836458226052429e+01,3.125916675264432953e-01
2.645000000000000018e+00,3.784261167789519931e+01,3.125203928870077807e-01
2.649999999999999911e+00,3.791687526781804252e+01,3.124593357159144991e-01
2.655000000000000249e+00,3.799115539423809906e+01,3.124083737323854471e-01
2.660000000000000142e+00,3.806545209943924135e+01,3.123673713519913853e-01
2.665000000000000036e+00,3.813976542578040352e+01,3.123361800509482644e-01
2.669999999999999929e+00,3.821409541569593671e+01,3.123146387430366100e-01
2.675000000000000266e+00,3.828844211169581513e+01,3.123025741685041545e-01
2.680000000000000160e+00,3.836280555636594869e+01,3.122998012943057344e-01
2.685000000000000053e+00,3.843718579236846011e+01,3.123061237250283062e-01
2.689999999999999947e+00,3.851158286244198337e+01,3.123213341238424978e-01
2.694999999999999840e+00,3.858599680940191945e+01,3.123452146428201126e-01
2.700000000000000178e+00,3.866042767614071352e+01,3.123775373619511186e-01
2.705000000000000071e+00,3.873487550562817461e+01,3.124180647361923246e-01
2.709999999999999964e+00,3.880934034091176699e+01,3.124665500498775561e-01
2.714999999999999858e+00,3.888382222511685171e+01,3.125227378778188125e-01
2.720000000000000195e+00,3.895832120144701349e+01,3.125863645524264434e-01
2.725000000000000089e+00,3.903283731318432359e+01,3.126571586361779898e-01
2.729999999999999982e+00,3.910737060368965246e+01,3.127348413987676157e-01
2.734999999999999876e+00,3.918192111640296105e+01,3.128191272982670523e-01
2.740000000000000213e+00,3.925648889484362059e+01,3.129097244656363630e-01
2.745000000000000107e+00,3.933107398261059728e+01,3.130063351919228354e-01
2.750000000000000000e+00,3.940567642338287868e+01,3.131086564174931919e-01
2.754999999999999893e+00,3.948029626091972943e+01,3.132163802226481941e-01
2.760000000000000231e+00,3.955493353906094711e+01,3.133291943189757678e-01
2.765000000000000124e+00,3.962958830172718194e+01,3.134467825408044361e-01
2.770000000000000018e+00,3.970426059292030629e+01,3.135688253361272881e-01
2.774999999999999911e+00,3.977895045672357810e+01,3.136950002563736462e-01
2.780000000000000249e+00,3.985365793730208850e+01,3.138249824444152569e-01
2.785000000000000142e+00,3.992838307890296079e+01,3.139584451202031556e-01
2.790000000000000036e+00,4.000312592585571991e+01,3.140950600634399570e-01
2.794999999999999929e+00,4.007788652257253403e+01,3.142344980927054277e-01
2.800000000000000266e+00,4.015266491354863376e+01,3.143764295404612996e-01
2.805000000000000160e+00,4.022746114336246137e+01,3.145205247233765489e-01
2.810000000000000053e+00,4.030227525667613264e+01,3.146664544074224135e-01
2.814999999999999947e+00,4.037710729823564293e+01,3.148138902672038553e-01
2.819999999999999840e+00,4.045195731287127927e+01,3.149625053390034402e-01
2.825000000000000178e+00,4.052682534549779803e+01,3.151119744670299871e-01
2.830000000000000071e+00,4.060171144111486541e+01,3.152619747423772156e-01
2.834999999999999964e+00,4.067661564480731329e+01,3.154121859342131629e-01
2.839999999999999858e+00,4.075153800174549446e+01,3.155622909127356324e-01
2.845000000000000195e+00,4.082647855718551710e+01,3.157119760634443661e-01
2.850000000000000089e+00,4.090143735646968537e+01,3.158609316922974530e-01
2.854999999999999982e+00,4.097641444502671959e+01,3.160088524213338079e-01
2.859999999999999876e+00,4.105140986837214001e+01,3.161554375743625966e-01
2.865000000000000213e+00,4.112642367210856520e+01,3.163003915523344145e-01
2.870000000000000107e+00,4.120145590192603891e+01,3.164434241980287332e-01
2.875000000000000000e+00,4.127650660360233559e+01,3.165842511497080070e-01
2.879999999999999893e+00,4.135157582300337253e+01,3.167225941834063141e-01
2.885000000000000231e+00,4.142666360608343012e+01,3.168581815435389526e-01
2.890000000000000124e+00,4.150176999888552842e+01,3.169907482615368921e-01
2.895000000000000018e+00,4.157689504754178955e+01,3.171200364622282497e-01
2.899999999999999911e+00,4.165203879827374323e+01,3.172457956577067750e-01
2.905000000000000249e+00,4.172720129739262518e+01,3.173677830284466483e-01
2.910000000000000142e+00,4.180238259129978928e+01,3.174857636914400483e-01
2.915000000000000036e+00,4.187758272648697755e+01,3.175995109551532081e-01
2.919999999999999929e+00,4.195280174953673225e+01,3.177088065611161083e-01
2.925000000000000266e+00,4.202803970712261616e+01,3.178134409119766635e-01
2.930000000000000160e+00,4.210329664600970290e+01,3.179132132858726867e-01
2.935000000000000053e+00,4.217857261305478289e+01,3.180079320369900708e-01
2.939999999999999947e+00,4.225386765520683241e+01,3.180974147821963305e-01
2.944999999999999840e+00,4.232918181950724090e+01,3.181814885736556908e-01
2.950000000000000178e+00,4.240451515309025865e+01,3.182599900573512275e-01
2.955000000000000071e+00,4.247986770318329519e+01,3.183327656174573805e-01
2.959999999999999964e+00,4.255523951710723196e+01,3.183996715065236516e-01
2.964999999999999858e+00,4.263063064227686283e+01,3.184605739614499442e-01
2.970000000000000195e+00,4.270604112620122095e+01,3.185153493052494955e-01
2.975000000000000089e+00,4.278147101648384165e+01,3.185638840346151635e-01
2.979999999999999982e+00,4.285692036082326695e+01,3.186060748933200459e-01
2.984999999999999876e+00,4.293238920701327288e+01,3.186418289315033903e-01
2.990000000000000213e+00,4.300787760294332429e+01,3.186710635509056866e-01
2.995000000000000107e+00,4.308338559659885902e+01,3.186937065361378218e-01
3.000000000000000000e+00,4.315891323606172847e+01,3.187096960720823824e-01
3.004999999999999893e+00,4.323446056951046046e+01,3.187189807475424574e-01
3.010000000000000231e+00,4.331002764522074244e+01,3.187215195452691163e-01
3.015000000000000124e+00,4.338561451156569149e+01,3.187172818185143308e-01
3.020000000000000018e+00,4.346122121701624508e+01,3.187062472542694924e-01
3.024999999999999911e+00,4.353684781014158744e+01,3.186884058233682704e-01
3.030000000000000249e+00,4.361249433960944799e+01,3.186637577176413272e-01
3.035000000000000142e+00,4.368816085418652051e+01,3.186323132743302811e-01
3.040000000000000036e+00,4.376384740273878293e+01,3.185940928879774647e-01
3.044999999999999929e+00,4.383955403423196628e+01,3.185491269100234057e-01
3.050000000000000266e+00,4.391528079773183890e+01,3.184974555363557780e-01
3.055000000000000160e+00,4.399102774240463276e+01,3.184391286830672851e-01
3.060000000000000053e+00,4.406679491751740585e+01,3.183742058506893180e-01
3.064999999999999947e+00,4.414258237243846139e+01,3.183027559771828274e-01
3.069999999999999840e+00,4.421839015663767469e+01,3.182248572799754038e-01
3.075000000000000178e+00,4.429421831968692658e+01,3.181405970873480427e-01
3.080000000000000071e+00,4.437006691126045865e+01,3.180500716594807931e-01
3.084999999999999964e+00,4.444593598113530675e+01,3.179533859994795320e-01
3.089999999999999858e+00,4.452182557919159933e+01,3.178506536547137662e-01
3.095000000000000195e+00,4.459773575541308333e+01,3.177419965088036924e-01
3.100000000000000089e+00,4.467366655988739410e+01,3.176275445646030704e-01
3.104999999999999982e+00,4.474961804280652444e+01,3.175074357185329044e-01
3.109999999999999876e+00,4.482559025446720113e+01,3.173818155266268093e-01
3.115000000000000213e+00,4.490158324527128997e+01,3.172508369626556024e-01
3.120000000000000107e+00,4.497759706572615812e+01,3.171146601687065414e-01
3.125000000000000000e+00,4.505363176644514311e+01,3.169734521985948517e-01
3.129999999999999893e+00,4.512968739814790098e+01,3.168273867544938449e-01
3.135000000000000231e+00,4.520576401166087521e+01,3.166766439171718184e-01
3.140000000000000124e+00,4.528186165791758810e+01,3.165214098702290313e-01
3.145000000000000018e+00,4.535798038795919496e+01,3.163618766187321074e-01
3.149999999999999911e+00,4.543412025293478962e+01,3.161982417026439340e-01
3.155000000000000249e+00,4.551028130410187345e+01,3.160307079054532342e-01
3.160000000000000142e+00,4.558646359282673188e+01,3.158594829584059349e-01
3.165000000000000036e+00,4.566266717058489633e+01,3.156847792407452280e-01
3.169999999999999929e+00,4.573889208896148517e+01,3.155068134763663323e-01
3.175000000000000266e+00,4.581513839965176516e+01,3.153258064272924655e-01
3.180000000000000160e+00,4.589140615446137161e+01,3.151419825843803091e-01
3.185000000000000053e+00,4.596769540530694087e+01,3.149555698556595340e-01
3.189999999999999947e+00,4.604400620421637313e+01,3.147667992527131697e-01
3.194999999999999840e+00,4.612033860332938673e+01,3.145759045755026628e-01
3.200000000000000178e+00,4.619669265489784493e+01,3.143831220960385808e-01
3.205000000000000071e+00,4.627306841128623205e+01,3.141886902412978633e-01
3.209999999999999964e+00,4.634946592497210816e+01,3.139928492757833034e-01
3.214999999999999858e+00,4.642588524854651411e+01,3.137958409841195007e-01
3.220000000000000195e+00,4.650232643471441207e+01,3.135979083540736401e-01
3.225000000000000089e+00,4.657878953629512608e+01,3.133992952603886772e-01
3.229999999999999982e+00,4.665527460622279676e+01,3.132002461498074597e-01
3.234999999999999876e+00,4.673178169754682187e+01,3.130010057276652047e-01
3.240000000000000213e+00,4.680831086343227554e+01,3.128018186464204820e-01
3.245000000000000107e+00,4.688486215716038430e+01,3.126029291964890766e-01
3.250000000000000000e+00,4.696143563212895344e+01,3.124045809997388901e-01
3.254999999999999893e+00,4.703803134185285018e+01,3.122070167059993739e-01
3.260000000000000231e+00,4.711464933996442994e+01,3.120104776929281676e-01
3.265000000000000124e+00,4.719128968021399118e+01,3.118152037695749446e-01
3.270000000000000018e+00,4.726795241647025136e+01,3.116214328839714276e-01
3.274999999999999911e+00,4.734463760272078758e+01,3.114294008350701470e-01
3.280000000000000249e+00,4.742134529307251967e+01,3.112393409893461915e-01
3.285000000000000142e+00,4.749807554175212232e+01,3.110514840023674843e-01
3.290000000000000036e+00,4.757482840310657934e+01,3.108660575456304587e-01
3.294999999999999929e+00,4.765160393160356733e+01,3.106832860389490136e-01
3.300000000000000266e+00,4.772840218183196015e+01,3.105033903886748603e-01
3.305000000000000160e+00,4.780522320850229079e+01,3.103265877320187660e-01
3.310000000000000053e+00,4.788206706644726296e+01,3.101530911877313224e-01
3.314999999999999947e+00,4.795893381062217742e+01,3.099831096133928154e-01
3.319999999999999840e+00,4.803582349610540803e+01,3.098168473695510072e-01
3.325000000000000178e+00,4.811273617809894176e+01,3.096545040909354785e-01
3.330000000000000071e+00,4.818967191192881216e+01,3.094962744649666364e-01
3.334999999999999964e+00,4.826663075304557537e+01,3.093423480177667217e-01
3.339999999999999858e+00,4.834361275702483596e+01,3.091929089078696569e-01
3.345000000000000195e+00,4.842061797956772295e+01,3.090481357278145880e-01
3.350000000000000089e+00,4.849764647650135885e+01,3.089082013137985916e-01
3.354999999999999982e+00,4.857469830377937114e+01,3.087732725635506381e-01
3.359999999999999876e+00,4.865177351748240397e+01,3.086435102625804672e-01
3.365000000000000213e+00,4.872887217381858704e+01,3.085190689189408197e-01
3.370000000000000107e+00,4.880599432912404723e+01,3.084000966066349214e-01
3.375000000000000000e+00,4.888314003986339173e+01,3.082867348177843470e-01
3.379999999999999893e+00,4.896030936263030497e+01,3.081791183236659015e-01
3.385000000000000231e+00,4.903750235414790382e+01,3.080773750447107773e-01
3.390000000000000124e+00,4.911471907126937708e+01,3.079816259295500847e-01
3.395000000000000018e+00,4.919195957097842609e+01,3.078919848431786455e-01
3.399999999999999911e+00,4.926922391038983307e+01,3.078085584642968331e-01
3.405000000000000249e+00,4.934651214674990172e+01,3.077314461918801425e-01
3.410000000000000142e+00,4.942382433743706827e+01,3.076607400610134602e-01
3.415000000000000036e+00,4.950116053996233489e+01,3.075965246680169018e-01
3.419999999999999929e+00,4.957852081196988081e+01,3.075388771048777059e-01
3.425000000000000266e+00,4.965590521123750278e+01,3.074878669029924572e-01
3.430000000000000160e+00,4.973331379567723332e+01,3.074435559862121470e-01
3.435000000000000053e+00,4.981074662333575276e+01,3.074059986331726391e-01
3.439999999999999947e+00,4.988820375239507143e+01,3.073752414488802875e-01
3.444999999999999840e+00,4.996568524117293464e+01,3.073513233455151261e-01
3.450000000000000178e+00,5.004319114812346925e+01,3.073342755323995590e-01
3.455000000000000071e+00,5.012072153183760292e+01,3.073241215150734895e-01
3.459999999999999964e+00,5.019827645104373914e+01,3.073208771034042219e-01
3.464999999999999858e+00,5.027585596460821193e+01,3.073245504286512553e-01
3.470000000000000195e+00,5.035346013153588984e+01,3.073351419693952091e-01
3.475000000000000089e+00,5.043108901097065200e+01,3.073526445862302392e-01
3.479999999999999982e+00,5.050874266219606312e+01,3.073770435651107524e-01
3.484999999999999876e+00,5.058642114463581407e+01,3.074083166692344604e-01
3.490000000000000213e+00,5.066412451785434001e+01,3.074464341993321526e-01
3.495000000000000107e+00,5.074185284155737463e+01,3.074913590622291304e-01
3.500000000000000000e+00,5.081960617559251148e+01,3.075430468475334189e-01
3.504999999999999893e+00,5.089738457994975818e+01,3.076014459122959899e-01
3.510000000000000231e+00,5.097518811476216882e+01,3.076664974734836244e-01
3.515000000000000124e+00,5.105301684030629161e+01,3.077381357080938296e-01
3.520000000000000018e+00,5.113087081700287939e+01,3.078162878607363373e-01
3.524999999999999911e+00,5.120875010541738703e+01,3.079008743584972230e-01
3.530000000000000249e+00,5.128665476626061093e+01,3.079918089328949060e-01
3.535000000000000142e+00,5.136458486038916504e+01,3.080889987487311354e-01
3.540000000000000036e+00,5.144254044880621279e+01,3.081923445396332895e-01
3.544999999999999929e+00,5.152052159266194309e+01,3.083017407500786566e-01
3.550000000000000266e+00,5.159852835325425957e+01,3.084170756836852045e-01
3.555000000000000160e+00,5.167656079202920694e+01,3.085382316575478456e-01
3.560000000000000053e+00,5.175461897058182359e+01,3.086650851623958802e-01
3.564999999999999947e+00,5.183270295065648270e+01,3.087975070283388579e-01
3.570000000000000284e+00,5.191081279414769512e+01,3.089353625959672667e-01
3.575000000000000178e+00,5.198894856310059964e+01,3.090785118925686858e-01
3.580000000000000071e+00,5.206711031971163095e+01,3.092268098132155418e-01
3.584999999999999964e+00,5.214529812632906669e+01,3.093801063064783863e-01
3.589999999999999858e+00,5.222351204545374515e+01,3.095382465645149517e-01
3.595000000000000195e+00,5.230175213973959103e+01,3.097010712172816871e-01
3.600000000000000089e+00,5.238001847199427630e+01,3.098684165306127003e-01
3.604999999999999982e+00,5.245831110517984541e+01,3.100401146079088677e-01
3.609999999999999876e+00,5.253663010241335485e+01,3.102159935951768754e-01
3.615000000000000213e+00,5.261497552696746283e+01,3.103958778891576786e-01
3.620000000000000107e+00,5.269334744227109013e+01,3.105795883482816988e-01
3.625000000000000000e+00,5.277174591191005959e+01,3.107669425061871937e-01
3.629999999999999893e+00,5.285017099962776399e+01,3.109577547875382320e-01
3.635000000000000231e+00,5.292862276932571319e+01,3.111518367258770956e-01
3.640000000000000124e+00,5.300710128506429442e+01,3.113489971832476000e-01
3.645000000000000018e+00,5.308560661106336909e+01,3.115490425713241529e-01
3.649999999999999911e+00,5.316413881170289102e+01,3.117517770737838756e-01
3.655000000000000249e+00,5.324269795152364537e+01,3.119570028696582176e-01
3.660000000000000142e+00,5.332128409522782420e+01,3.121645203574029415e-01
3.665000000000000036e+00,5.339989730767977250e+01,3.123741283794268520e-01
3.669999999999999929e+00,5.347853765390654956e+01,3.125856244468191991e-01
3.675000000000000266e+00,5.355720519909871769e+01,3.127988049640219592e-01
3.680000000000000160e+00,5.363590000861088924e+01,3.130134654531903093e-01
3.685000000000000053e+00,5.371462214796252255e+01,3.132294007779922729e-01
3.689999999999999947e+00,5.379337168283852577e+01,3.134464053665969030e-01
3.695000000000000284e+00,5.387214867908997462e+01,3.136642734336068661e-01
3.700000000000000178e+00,5.395095320273473050e+01,3.138827992006930634e-01
3.705000000000000071e+00,5.402978531995824341e+01,3.141017771156919824e-01
3.709999999999999964e+00,5.410864509711414172e+01,3.143210020699325202e-01
3.714999999999999858e+00,5.418753260072499245e+01,3.145402696135601861e-01
3.720000000000000195e+00,5.426644789748297626e+01,3.147593761686339753e-01
3.725000000000000089e+00,5.434539105425058381e+01,3.149781192397724805e-01
3.729999999999999982e+00,5.442436213806131917e+01,3.151962976221343027e-01
3.734999999999999876e+00,5.450336121612044593e+01,3.154137116065188207e-01
3.740000000000000213e+00,5.458238835580567638e+01,3.156301631813818176e-01
3.745000000000000107e+00,5.466144362466787499e+01,3.158454562315637926e-01
3.750000000000000000e+00,5.474052709043178311e+01,3.160593967335355581e-01
3.754999999999999893e+00,5.481963882099678642e+01,3.162717929469698319e-01
3.760000000000000231e+00,5.489877888443760412e+01,3.164824556024558033e-01
3.765000000000000124e+00,5.497794734900499236e+01,3.166911980851768171e-01
3.770000000000000018e+00,5.505714428312655428e+01,3.168978366143806458e-01
3.774999999999999911e+00,5.513636975540743634e+01,3.171021904184744278e-01
3.780000000000000249e+00,5.521562383463106727e+01,3.173040819055870099e-01
3.785000000000000142e+00,5.529490658975988993e+01,3.175033368294436498e-01
3.790000000000000036e+00,5.537421808993617134e+01,3.176997844504089175e-01
3.794999999999999929e+00,5.545355840448273455e+01,3.178932576915567410e-01
3.800000000000000266e+00,5.553292760290364782e+01,3.180835932896358687e-01
3.805000000000000160e+00,5.561232575488507734e+01,3.182706319408050155e-01
3.810000000000000053e+00,5.569175293029602614e+01,3.184542184410193988e-01
3.814999999999999947e+00,5.577120919918908726e+01,3.186342018209566973e-01
3.820000000000000284e+00,5.585069463180122540e+01,3.188104354753786840e-01
3.825000000000000178e+00,5.593020929855455847e+01,3.189827772868313316e-01
3.830000000000000071e+00,5.600975327005713211e+01,3.191510897435939631e-01
3.834999999999999964e+00,5.608932661710374390e+01,3.193152400517941802e-01
3.839999999999999858e+00,5.616892941067663969e+01,3.194751002416148511e-01
3.845000000000000195e+00,5.624856172194647286e+01,3.196305472675240456e-01
3.850000000000000089e+00,5.632822362227285851e+01,3.197814631024680776e-01
3.854999999999999982e+00,5.640791518320545350e+01,3.199277348259753073e-01
3.859999999999999876e+00,5.648763647648453912e+01,3.200692547061235183e-01
3.865000000000000213e+00,5.656738757404197315e+01,3.202059202753338996e-01
3.870000000000000107e+00,5.664716854800189338e+01,3.203376343999598808e-01
3.875000000000000000e+00,5.672697947068164837e+01,3.204643053436467826e-01
3.879999999999999893e+00,5.680682041459254350e+01,3.205858468244469073e-01
3.885000000000000231e+00,5.688669145244070080e+01,3.207021780656788001e-01
3.890000000000000124e+00,5.696659265712786180e+01,3.208132238405302927e-01
3.895000000000000018e+00,5.704652410175228994e+01,3.209189145104087149e-01
3.899999999999999911e+00,5.712648585960950243e+01,3.210191860570509315e-01
3.905000000000000249e+00,5.720647800419326501e+01,3.211139801084111345e-01
3.910000000000000142e+00,5.728650060919625275e+01,3.212032439583525356e-01
3.915000000000000036e+00,5.736655374851109457e+01,3.212869305801742681e-01
3.919999999999999929e+00,5.744663749623109794e+01,3.213649986340136877e-01
3.925000000000000266e+00,5.752675192665118686e+01,3.214374124681670941e-01
3.930000000000000160e+00,5.760689711426871895e+01,3.215041421143836065e-01
3.935000000000000053e+00,5.768707313378440205e+01,3.215651632771871493e-01
3.939999999999999947e+00,5.776728006010311134e+01,3.216204573172924963e-01
3.945000000000000284e+00,5.784751796833489124e+01,3.216700112291849822e-01
3.950000000000000178e+00,5.792778693379564459e+01,3.217138176129399341e-01
3.955000000000000071e+00,5.800808703200824823e+01,3.217518746403630892e-01
3.959999999999999964e+00,5.808841833870326354e+01,3.217841860155399303e-01
3.964999999999999858e+00,5.816878092981993831e+01,3.218107609298864746e-01
3.970000000000000195e+00,5.824917488150710909e+01,3.218316140117992163e-01
3.975000000000000089e+00,5.832960027012404680e+01,3.218467652710074178e-01
3.979999999999999982e+00,5.841005717224145144e+01,3.218562400377362742e-01
3.984999999999999876e+00,5.849054566464231186e+01,3.218600688967930834e-01
3.990000000000000213e+00,5.857106582432285080e+01,3.218582876166941054e-01
3.995000000000000107e+00,5.865161772849346278e+01,3.218509370739539577e-01
4.000000000000000000e+00,5.873220145457965913e+01,3.218380631726635577e-01
4.004999999999999893e+00,5.881281708022294907e+01,3.218197167594867292e-01
4.009999999999999787e+00,5.889346468328187711e+01,3.217959535342090338e-01
4.015000000000000568e+00,5.897414434183289700e+01,3.217668339559773272e-01
4.019999999999999574e+00,5.905485613417130963e+01,3.217324231453698724e-01
4.025000000000000355e+00,5.913560013881237154e+01,3.216927907824427835e-01
4.030000000000000249e+00,5.921637643449205513e+01,3.216480110008987925e-01
4.035000000000000142e+00,5.929718510016813582e+01,3.215981622785301086e-01
4.040000000000000036e+00,5.937802621502120815e+01,3.215433273240870804e-01
4.044999999999999929e+00,5.945889985845553838e+01,3.214835929607292031e-01
4.050000000000000711e+00,5.953980611010020141e+01,3.214190500062155675e-01
4.054999999999999716e+00,5.962074504980985523e+01,3.213497931499951221e-01
4.060000000000000497e+00,5.970171675766605546e+01,3.212759208273579525e-01
4.064999999999999503e+00,5.978272131397793743e+01,3.211975350908116145e-01
4.070000000000000284e+00,5.986375879928344546e+01,3.211147414788468324e-01
4.075000000000000178e+00,5.994482929435022101e+01,3.210276488822593755e-01
4.080000000000000071e+00,6.002593288017668272e+01,3.209363694081946439e-01
4.084999999999999964e+00,6.010706963799303537e+01,3.208410182420837198e-01
4.089999999999999858e+00,6.018823964926232861e+01,3.207417135076390813e-01
4.095000000000000639e+00,6.026944299568144459e+01,3.206385761250797328e-01
4.099999999999999645e+00,6.035067975918210692e+01,3.205317296677553385e-01
4.105000000000000426e+00,6.043195002193209575e+01,3.204213002173380564e-01
4.109999999999999432e+00,6.051325386633606485e+01,3.203074162177527717e-01
4.115000000000000213e+00,6.059459137503682769e+01,3.201902083280142031e-01
4.120000000000000107e+00,6.067596263091625275e+01,3.200698092741397494e-01
4.125000000000000000e+00,6.075736771709642881e+01,3.199463537003060520e-01
4.129999999999999893e+00,6.083880671694071651e+01,3.198199780194164732e-01
4.134999999999999787e+00,6.092027971405480002e+01,3.196908202632456342e-01
4.140000000000000568e+00,6.100178679228785938e+01,3.195590199323257719e-01
4.144999999999999574e+00,6.108332803573351555e+01,3.194247178457388370e-01
4.150000000000000355e+00,6.116490352873114489e+01,3.192880559909749838e-01
4.155000000000000249e+00,6.124651335586677448e+01,3.191491773740198212e-01
4.160000000000000142e+00,6.132815760197431132e+01,3.190082258698261342e-01
4.165000000000000036e+00,6.140983635213668634e+01,3.188653460733286149e-01
4.169999999999999929e+00,6.149154969168687757e+01,3.187206831511542049e-01
4.175000000000000711e+00,6.157329770620913933e+01,3.185743826941796475e-01
4.179999999999999716e+00,6.165508048154000420e+01,3.184265905710865763e-01
4.185000000000000497e+00,6.173689810376973242e+01,3.182774527830593003e-01
4.189999999999999503e+00,6.181875065924300117e+01,3.181271153197696711e-01
4.195000000000000284e+00,6.190063823456053171e+01,3.179757240167893628e-01
4.200000000000000178e+00,6.198256091657989941e+01,3.178234244145679566e-01
4.205000000000000071e+00,6.206451879241691216e+01,3.176703616191102753e-01
4.209999999999999964e+00,6.214651194944667623e+01,3.175166801644850323e-01
4.214999999999999858e+00,6.222854047530486810e+01,3.173625238772924684e-01
4.220000000000000639e+00,6.231060445788888558e+01,3.172080357432143782e-01
4.224999999999999645e+00,6.239270398535899176e+01,3.170533577757686516e-01
4.230000000000000426e+00,6.247483914613963663e+01,3.168986308873836810e-01
4.234999999999999432e+00,6.255701002892053708e+01,3.167439947629069330e-01
4.240000000000000213e+00,6.263921672265804119e+01,3.165895877356560417e-01
4.245000000000000107e+00,6.272145931657618689e+01,3.164355466661182281e-01
4.250000000000000000e+00,6.280373790016809465e+01,3.162820068233984094e-01
4.254999999999999893e+00,6.288605256319711145e+01,3.161291017695139205e-01
4.259999999999999787e+00,6.296840339569804712e+01,3.159769632466277178e-01
4.265000000000000568e+00,6.305079048797855279e+01,3.158257210673093840e-01
4.269999999999999574e+00,6.313321393062015829e+01,3.156755030079074209e-01
4.275000000000000355e+00,6.321567381447981404e+01,3.155264347051132678e-01
4.280000000000000249e+00,6.329817023069094262e+01,3.153786395557918176e-01
4.285000000000000142e+00,6.338070327066484566e+01,3.152322386201502069e-01
4.290000000000000036e+00,6.346327302609191179e+01,3.150873505283106613e-01
4.294999999999999929e+00,6.354587958894302346e+01,3.149440913903497896e-01
4.300000000000000711e+00,6.362852305147075072e+01,3.148025747098616156e-01
4.304999999999999716e+00,6.371120350621070116e+01,3.146629113010973589e-01
4.310000000000000497e+00,6.379392104598291979e+01,3.145252092097300944e-01
4.314999999999999503e+00,6.387667576389308266e+01,3.143895736372890326e-01
4.320000000000000284e+00,6.395946775333395351e+01,3.142561068693006665e-01
4.325000000000000178e+00,6.404229710798661301e+01,3.141249082071743137e-01
4.330000000000000071e+00,6.412516392182192249e+01,3.139960739038591964e-01
4.334999999999999964e+00,6.420806828910183128e+01,3.138696971033012595e-01
4.339999999999999858e+00,6.429101030438073394e+01,3.137458677837193788e-01
4.345000000000000639e+00,6.437399006250687705e+01,3.136246727047179439e-01
4.349999999999999645e+00,6.445700765862366666e+01,3.135061953582481964e-01
4.355000000000000426e+00,6.454006318817123145e+01,3.133905159234260385e-01
4.359999999999999432e+00,6.462315674688760225e+01,3.132777112252100871e-01
4.365000000000000213e+00,6.470628843081034631e+01,3.131678546969380861e-01
4.370000000000000107e+00,6.478945833627771833e+01,3.130610163467180684e-01
4.375000000000000000e+00,6.487266655993039421e+01,3.129572627276633323e-01
4.379999999999999893e+00,6.495591319871265057e+01,3.128566569119586860e-01
4.384999999999999787e+00,6.503919834987395632e+01,3.127592584687403088e-01
4.390000000000000568e+00,6.512252211097033694e+01,3.126651234457671347e-01
4.394999999999999574e+00,6.520588457986585240e+01,3.125743043548580569e-01
4.400000000000000355e+00,6.528928585473417456e+01,3.124868501610664207e-01
4.405000000000000249e+00,6.537272603405988036e+01,3.124028062755573876e-01
4.410000000000000142e+00,6.545620521664005764e+01,3.123222145521518667e-01
4.415000000000000036e+00,6.553972350158581150e+01,3.122451132874958790e-01
4.419999999999999929e+00,6.562328098832365697e+01,3.121715372248115572e-01
4.425000000000000711e+00,6.570687777659721007e+01,3.121015175611822068e-01
4.429999999999999716e+00,6.579051396646849525e+01,3.120350819583195823e-01
4.435000000000000497e+00,6.587418965831965068e+01,3.119722545567603644e-01
4.439999999999999503e+00,6.595790495285439192e+01,3.119130559934332747e-01
4.445000000000000284e+00,6.604165995109958942e+01,3.118575034225369857e-01
4.450000000000000178e+00,6.612545475440678899e+01,3.118056105396653233e-01
4.455000000000000071e+00,6.620928946445380348e+01,3.117573876091130347e-01
4.459999999999999964e+00,6.629316418324631854e+01,3.117128414942935688e-01
4.464999999999999858e+00,6.637707901311944170e+01,3.116719756911973116e-01
4.470000000000000639e+00,6.646103405673930808e+01,3.116347903648152284e-01
4.474999999999999645e+00,6.654502941710468633e+01,3.116012823884529159e-01
4.480000000000000426e+00,6.662906519754864121e+01,3.115714453858544064e-01
4.484999999999999432e+00,6.671314150174003998e+01,3.115452697760561218e-01
4.490000000000000213e+00,6.679725843368538563e+01,3.115227428208878768e-01
4.495000000000000107e+00,6.688141609773023788e+01,3.115038486750347224e-01
4.500000000000000000e+00,6.696561459856104648e+01,3.114885684385746423e-01
